Headline,Source,Posted,Excerpt,Link,ImageLink
Qatar Pro Wrestling attracts former WWE champs,Al Jazeera America,1 day ago,"The Middle East is a key market for the industry's biggest name, WWE, which is backed by billionaire Vince McMahon.",https://www.aljazeera.com/news/2020/02/qatar-pro-wrestling-attracts-wwe-champs-200222141717041.html,"data:image/jpeg;base64,/9j/4AAQSkZJRgABAQAAAQABAAD/2wCEAAkGBwgHBgkIBwgKCgkLDRYPDQwMDRsUFRAWIB0iIiAdHx8kKDQsJCYxJx8fLT0tMTU3Ojo6Iys/RD84QzQ5OjcBCgoKDQwNGg8PGjclHyU3Nzc3Nzc3Nzc3Nzc3Nzc3Nzc3Nzc3Nzc3Nzc3Nzc3Nzc3Nzc3Nzc3Nzc3Nzc3Nzc3N//AABEIAHAAcAMBEQACEQEDEQH/xAAcAAABBQEBAQAAAAAAAAAAAAAAAQIEBQYDBwj/xABDEAABAwMCBAIHAwgIBwAAAAABAgMRAAQFEiEGMUFRE3EUFSIyYYGxNVLBBxZCRGJ0kaEjJCVygtHh8DNGVWSjssL/xAAbAQACAwEBAQAAAAAAAAAAAAAAAQIDBAUGB//EADURAAICAQMCAwUHAwUBAAAAAAABAgMRBBIhMUEFE1EygZGh0RQiQlJhcfBDweEVM1NjsSP/2gAMAwEAAhEDEQA/APEq6BEKBBU3wAUsgKKsQgNKQxKryARTSz2AKMeoBQAUmAUIBKjkYUcALUhBTSAWptIQRRtAKYBTayAQKhsXceRZirMrsISotc5AKSSQBz2oaTSS7DCKW0BIFJRj3DIRS2IBYo2MMiQZpqDAvOHeGclxC+pqwbEJBUVqmIHPceY/jVd10avaJQg5dCxu/wAnPFtuv7GfdQSQlbRSoHf4HblUYa6l9wdckZ29sbuweUxfW7tu6kwUOpKSP41rjZGayiGGiNTwAtNAEUNZ7AJFLABTACKi0gEpALT4ASo49ACajuAd51dngD6Q4UQ7hOF2W3bYJfU0VKRqTDY5pB0iJ3nruTXltXPfa/Q6ddeYosF5p8PqNosOoQyVQnYrhW6pjaN+hmelURh3HKCPLvyx5ti/fZY0BTpSHEq2lCeUHbuDG55dOvb8NjJLd2MmowmkjzCd66kJ7jNgKsEFABSAKACgApAFAwoA1mc4aaeU7eYNpbFqSNNrcvJ1oB/aJH89/OuPDVfnO5b4LYobqnufpgzN3Zv2dwu3uUaHkGFJkGPmNjXRhJThlM49lU6pOM1ho9r4Hy/5xYq4KXVC51KDjIVBSkGW4PkIJ671wdbT5U/0N+msUo89jTWthdLtVNq06wXJQlQJIJlMQZE+zttyFZovksmkeaZnEM8YcWYzC46GrxLKk3DmxQykGYI5mJO0zJArqaaU64Mx6hLcsDOKPyX2fD2lpXEqX7xSdQt0WBBjuTrMfDqelT+1uLwXaXw+3UrdFYj6mZyfB2Ssrbx0aHwkaltJMOoHcp6jymtNerhJ4fDJarwy6hbuq9TOEQa2YXqcwSj9AFowgEowgClj9QClx3AKeP1A3WIuba3VbO3Lbi7dv+kU22uFOEkA79D8a4MuGe3qszRtjw2vmXXEthhMtcuuC0TYtNsnw1MIUdIEdEzO5Jk9D86shbKL4M9vhlSpXnNuXr/PQm4HJMcH2d1Z41DHhPDxRdLlxxxUbAlMQPhAj48zVdOdrxLoKHg1UKVOLbl8v57yNjONb9jIuvrQhzxBBASZV2I3G+wprbGOEQ/03c8NMt/ziNzmGMveW9m9fsoV4OlgtrGpJSQohUK2+8SBHehzeDRLwTT44TXv/wACWi8ZeXbr3FKCs3YDi3LdxYWJO3siZG0R25VHCed3c0Wwurr8vSvmPZ4wQM85i7S5uvRVOPsI0uNrUS2tsqBIIPfb5z0kQJLOEFTlOvbfw11xyjyK4cDj7jiUhAWoqCRyTO8V2Iye1Hh5YcmznNG5oQTQpsQVLc8AE1HewwJNLdkB4ArTDY+4jYW2RxjxTbNYdz2gpI/rh/vDknuK4koPHJ6au15UYt49309SyVnLcMDXi1+E4eYvTMke1yR33+NQUcm2V16jz3wvr/gitZnHNOMN+rFtlvZKl3p08+R9jl9PKnsZkV9mn6Sa+H0JNzmUpWbdeCuG17+7cgbdNwn8fnUlTIlPxayeYqTXw+hZ8OZ+1sPSwnEWzAWxt6ddK1KQAZ8M6Oe/ffbtSUWU3XTcYt549Mfz+diuxeUsnVrUxjFF5YSpZcvjKjy56Oe/4VFxaNmntsz91/8An0GcQZOws1OsX2M1rdhTwavFAz0BlI5g8unzqdcJN8FGtvcIShY/hgzpyHDk/Ydx1/Xj8ulbZR1EurRxN2jz0l8hPWHDm/8AYL4G23pyu2/Sqtt3qLdpfR/FfQQZHh3/AKA8eX68r59Kahd1yJy0vo/ig9Y8PAfYDpP78rv5U3C71QbtP6P4gclw+Z08Pr67m+XPw6UeXc+4b9Nn2X8RPWXD8/YDgH78v/Kltt9Qc9N+V/EX1nw/O3Dy4/f19vKjFyeUxKen7xfxKi1cVb3LTn3FhUd4M1snQ4vbIpqtcJKS7MuRk2HWdCmipGo/0UxseoPQ8vhXOlS4Pk7z10LqsR+BJtLJNw/buWtwm6SlaS43/wAN1IB+6fe/wzSTw+Sm2fmV9eTW3H5yY9S2wwzeWawAJhDh7Ge/+4qx5fQwQUE8WZMXnmnRkFquGlsOrSCUOxJHQ7UsvuaoQg1mDG4hp83CFtO+ASFQuPejt/vnSayXVyUPvN4x/OCtyZdS5odAJkknUFEn4kVoqikczUX+ZwuhBJq5yfQzBNJywwEBkxUd66BgnN4rIvAKZx12tJ6pYUR9KJWQz1JqucuiJKeHcsd/QXUj9spT9TS+0V56l0dHqJfgYDh+9Bh5dmwO7l239ASarlqIdiz7BqO6x70Hqe1QYfzVin4Nhxf/AMioednoh/YnH25xXv8AoNVc4dR3sr3bp6Wnf/x+dabrtRY8ywZ0qF6jmVY15aWmGrhhSiAFuvpWnyjSPrVM1bty+hbS6lNYyXVvbXiGEWa7dtxguBKVPEtAFR2lStuZqiNmOxss06X3ky4ex7+MyLdkw8pIMaRa3IUFE9AlKt/kKlmK7FUK98ctkTi2wHr4NXbzidLCAVPriRueZEgfLpUJSwy7S1xlDLf9jNZQusEOsa0sqJQlwnmRHPfbnyNW1NdzLrJx4ihpy7TgSHsXYL9gIWdKwpZHJRIUIV3iAeoq6EJN4i8ZMcZRTzJZHOZcIQA1jcc3P/bJV/7TSs00q5YbL46itdK0CeIsgISybdtP7Fs2n6JpV6VTmlywera6RS9wK4lzJJSnI3CB2bVp+lXvTU73DALW3JcP5L6EF/I3twqX7t5xXdSyao+z1p4wN63UP8bI6nFK95Sj5mn5cYvhFMrbJe1JjelWbeCvIqdqnXiPIh5QZiInlWyzTT8xxxjOcCzwPs3VsXTbjYlSVbCefSsEllE4rLSRrnMTYuIcUwfDUzs4277GgnlIJmCesRuJrD5sV2O5DTPGHP5F9a8OPerGb5h5Ddq7I/rCtMwY29oz15TtU1bHGWZbqbVZsgt37D8lglYr0e7FtbPurRrT45OmAeokQNJ7D+VRndj2TRo9I7IS3PoZni8+PcqeAbC16TcBoFKCoJhMDpAPzJNdDweyEr3G1ZfYh4noFVWrIe/6ma0JBmK9PHS0q1ySODlnG494eVcjxVJXLHoTh0HW8aa0+EJKDffJGZ10p1aoFdN0VufmY5I57HC4RBCh1rh+JaeMJKyHRk4M5RXN2tkwo3gKEyKtVTcchk7JhfvGPgK3Ofmy+/IIpHW2Qn0pvYwDMeW9czVR8ttI26WKlbH9zaIv7bJ2zLF7kHrR+3JFtclsLSEHbSSBq5bc4rlYaPRWKLScVg3uG4kyzNxww3bXzVxaOIctHrdhCSStCFRv5gb7bQetWLnBwroKDmp8v1Mnxou9ZtMJc5289MzikOh5BIIZAUAkkDYnn8JpyWeDRoMKTaRlkrStCg4NRUCST1NQjJ1zU11R3UoTqdbXYp3G/CcUg80mK+gaW2FlanHueGvqdVjg+xEufeHlXE8X/wB1fsEOgtvyNWeFcuSFMc5qBmfZq3WO5Pc390Swc1AqBFYrFZanBdiXCOc1i3cEhKg8vkY8LhEVohc4w2oWC/PDrMn+3cVsYnW5vtI/QrNPW78Pbya1o5ruvid7HC26HNRzuMV7Igy5tPX3PlVF+pdkVHBs0VLqm5yw+PUkHH2yUDVmbAaYnZ3qeXudKy5Z0fOxFfp+qNdw7lsZj2203Nvj7xLbSU+IkOFRCNiQfC+PQ1NS46HLtpTm3uXxInF7WDvbW2dsizZvBSvHeWw6A4fuzpg9Ipbn6F1CdcsKSZQW9pZIWIzFqreNm3e0/d61GTb7HSr1GH0z7/8ABGuMbjnSlw522TO0ll3fbb9H5V2NB4m9NX5bhk5Gu06vs3p4/ciuYfFqgniC3B2/V3I+nelrtbK2Slsa4MkdKl+NCs4jFIBnPsnccrZwx36VdoNdKqMsVORGWli/xoFY3FcjxAyO4Fq4Yp3eKaiTcVDCEtLBfjQgxWJQZOeQdulouo06i+t7nU3kHRD86OXqnDidWfTPYWiz+PasbdiefLeCXkw6b0BxWF0/b8nsLJfy69v9YpRd0+Iw5Dyq/wA41WMwg/5gk/CyV8v0qrdlqeNoeVX+c5+k4UH2cfdR2N2O/wDcq3F/qiP/AMP1JNs+020lyxQ7bIWeXi6iSNiZgVlu3bsSZ2/D1GNOY9GxWrpxh8rZWtKliCTvNQwXt4lhG0wbHFYxdjeY121WyEFTSVpAKQFEQdvx5VJZOVfKp2PK5JPHycs7wViH8s4GVt3CkG2SrUlcg6VjqDAIiTz6UhadxVj2nnjIkHeBSZ1KVx1FccQm3d8S3bfTHJwkEb8wQdqcPaM+thvpb9OTkq/tPDSV4m2UR2ccEnrtq2ro6iF7jBzlldjjwspS9jn9wRlbRA9nEWo3++s/jUaZ3VZ2TwTdlL61/Md66toI9TWRPc6p+tRm7py3SnyHm0/8fzOrWZZWDOPsWz0BQa2xsdlaV1zXuDzql0rR3OVUrdNnZf4UJNaI6XT2x2PUP9g+1pf0kIMnc6NbVswB3DAI+lWy8Hr28XPPboL7f/1o4nM3w91TCZ+60n/KqLPA2v6nJL/UZfkRR1kMhdBHh2bAjpP8d65VjzY2eoqr2aWtP+Z5GT3PWkRkel8INYvD4jD3OTQ+8vKPqabSh1WlPt6Y5gDuTTT4OZqN0rJY7FX+UNpq8eXd2dzcrtbR9Vstl59TgQrqU6jsNv5in2yPSe1tZhjBmOnaonQ4fQ7pAV7KuRTBml0LtqksP0KV0KQdCxBTtXTlKTrimeXlFxk0znUEIcBPWrYxyIVtSm16kkbdwDPyNUuTT4GX15w+/bti4Qlt1KUJcWUfoAmJjkoA7EgmJExNXw1WjniM4c+uf7DlVOJFGQu23EtM3SlpMQndIB8qr1FSrfDyhJ5JuGsF5TKarrwFoQdS0FWgudkgjv5UrNTKFXE/dgsrq3yxg//Z
"
Kenny Omega Wrestling At DDT Pro Wrestling Event,Wrestling Inc.,2 hours ago,Kenny Omega is returning to DDT Pro Wrestling for its Wrestle Peter Pan event on June 7. This show is DDT's biggest of the year and will take ...,https://www.wrestlinginc.com/news/2020/02/kenny-omega-wrestling-at-ddt-pro-wrestling-event-666838/,"data:image/jpeg;base64,/9j/4AAQSkZJRgABAQAAAQABAAD/2wCEAAkGBwgHBgkIBwgKCgkLDRYPDQwMDRsUFRAWIB0iIiAdHx8kKDQsJCYxJx8fLT0tMTU3Ojo6Iys/RD84QzQ5OjcBCgoKDQwNGg8PGjclHyU3Nzc3Nzc3Nzc3Nzc3Nzc3Nzc3Nzc3Nzc3Nzc3Nzc3Nzc3Nzc3Nzc3Nzc3Nzc3Nzc3N//AABEIAHAAcAMBEQACEQEDEQH/xAAcAAACAgMBAQAAAAAAAAAAAAAFBgMEAQIHAAj/xAA5EAACAQMCBQEGBAQFBQAAAAABAgMABBEFIQYSMUFREyIyYYGRoQcUQnEjM1KxFSREcsE2gqLR4f/EABsBAAIDAQEBAAAAAAAAAAAAAAMEAQIFAAYH/8QAMBEAAgIBBAAGAAUDBQEAAAAAAAECAxEEEiExBRMiMkFRYXGRscEj0fEUFYGh8Ab/2gAMAwEAAhEDEQA/AOKU+QeqTj1cceqcHGaIkcbBCRR1TJroruRNb2xmcAsFXPvEZoNiVfuLLkIrp1sknKH9RgNwQaV89/RdRRDLb24CMwZMk8w+Q+29EhfF+9HYRSuYDC+AQVPukdxRkljK6KtYIhUog3Xema1k4sxIcVqUVslGZB22zV7apJcohyRQrzODj1Tg4ya7Bxa0qxfU7+GzSaCBpW5RJcPyIv7ntRIwbWcFZSwgnofDN3rIdLCS2e6EgjitnmVHmyGJK82AQOQ5OabrjGtp2dA5TGdX017VZIjPJw7pch/LvywrdG4kQMOYH3lDj6Y64p7a6/pWS7724X84KdsB3Ul5rur3GoXxjM8zBpXVeUZwB0G1ZXiW2qSqh1Eeopb7Cr2SLAcD03buB1rEcnkecFt4FvUI1indlBOxADfSjR5EpRwynd+1bQsX5iCQfhsKdo9rQJsqCmEiCWMb05Qjgtpt1DaxXKzWUNwZoTGjSZzCT+tcdxWxCGdvqaw88fP4FZLIy6nqMV5ZXIu9btoor2KG7NhYWfsmZQE5Cf0MFGc5wSapVSoTWyttxbWW/h/OPoAznteXGT1cceqTgzBq8drpH5G1WZTcnGohmUrcKrhowu2Vxg70xW0u/wDANwbeSPWdVbUJY44fVSxt+ZLO3lk5zChOeXON96J5ri8rv9yIxwuSLTtK1HVH5dPs5Zz0yi7D59KupWSQWNUpe1DHaaNqGnzSWuofwpVjDFQ4IGemfjWd4g0pJ5zwPVVyjxIt21q8SsJbokKTudy/is6TT6QSMWvkHXVsl5feypZFX2kGxY9BUxeEDlHfIhikttK1J2miWaFQVZSgIBOOxz/etXwuyEZ+voBYoxlgYE4r4VMYR9LHTci3WtTzIN8SM+Vcs5TIJdW4Quf9AVPwhx/Y0xXJPpotFTXbKUicMzDEU0kRP9XMMU4mvnAXL+StNoEUgLWV/HIOwOCftU+Xnor2KteTCHq44zipSOGDhrg/WeJJB/h1qfQzhriT2UHz7/KiqKiszeEEhW5c9L7On6N+GGj6TF6+qP8AnpkGSX9iNfln+9Wjas+lDUKYR5xkh1jj7QdEU22nqLqSPb07faMf92MfTNEf3N/3LT1EI8ZEK/4ll1zUjey25hIAURQM2/gn6mkNW1JJoCrtzzgsi4VouZkeMLnlVs9KQwH3ZQMW5nFy7W0pjbGOZQOlWwscg0+eAZdk+kfazzE5+uafojtymLT7ZQFHiCJkOKfqlhEmzGiTlk5o1zg5Gxqisa6ZVpEI3rKRYns7Se9uY7a1ieaaU4SNBksaJGGTlzwjtHBH4QwwRR3vE+JZzgrZK3sp/uIPtft0/egz1MYPEP1DRio98sY+M+O9D4QtzYwBLi+RcLZweyI/9xxhf26/Ch1wlY983wc7Ocs4ZxNxjrHEshF/ccttnK20Xsxr8u/zpjelxEpKyUu+gFBFJPKsUKF3boooUp47KpOTwgxbaY9qC0jFpM7qpxj50rO3d0NRpcOWQ3d8ZZMIpTG2Cc1EYlJTyye1i5YXbuaiXZeESH0QbgQ3IPI243xV/NcVwUlDMuS3Pw3J6fq2c3qA9FIx96vVq1nE0TLTPGYsGTWVzbfz4XQDuRt9a2KZxkuGAcJR7RAxosmUZpQTi9oOi32valFYabAZZ5PkFHck9gKVSWMvosk5PCPozgngvTeC9PeaR0kvSmbi8k2wPA8LSd1zte2K4CpKPCOf/iF+LE116mncLO0UA2kvhs8nwQHoPj1Pwo9enUOZcv6Byl9HIXYsSWJJJySe9dOWSpc0uwa9mHNlYh7x8/CgWW7EFqrc3+A56fpcEEOYUCMfHX60jOcpdmhCEYdGk2mN4JHcZrlNFtpWTRbZp+aRX394ButWdj+CPJj2XlsLW35fRTA6letUcnIuoJEoWJm3iTI6EjNRyc0ixGqgkDYf2q0Fkr0YvY4DGUwGz1+NO15isoh89iBqVt+VunjG69V/atSuzfBSMy2G2WCrVgZ9P8HcMabwNob80ietyc93dvtnGfoBmsq212tRj18B+lhdHIPxF4/u+LrttM0r1E0sNhYxs1wR+pvA8D6/BzT6Z52xWZMDKYsWmhyzO0Pqx+qVHKp2B87k7ffNa/8At1lHMlui+8dr8hW/UKqKk1wBpoHSTkPUnArM1mmdD/B/IeEt/Q0afEltCkfjcn41iWNylk1a1sikGLW6BIGCMUJoKnksMefeq4LLg0jBPTzVkS2ST8iK2d+U10SmTCqMAgYBricmHbAJFMVRyyAZNf4l5DtT0occApTw8AHXfbKP4yKLpX6ZIUv5aYIpgXOlfirxzJxDfHQ9IctYRviRl/1Mn/oHp56+KXppcXhe5kzkgXp+krpNpzS4a6ce2w/QPAr0mh00avz+xF2+ZLjoFalKkClpOufZrUv1Vemr32Pj9w6WSlpkcmp3YZk3jPMWz9jXjdd4jXqKnvjiXxj+f7jGmp9fHQxC1Vrc5YK3Y15/c0zSa4AtlctDdyxO/MAdjRWsrIGEsPAy2s6y7c2KDgaTJ42WO45SykA9Qa7Bz5RrzC4MwXfnB38VKIIYbsxqI5hykbURRyRk1uLuL0zuKbprZzYERFu9Q97ZdqNbNxiLv1SM65pzxwsq7ld6HprkpYfyUuh6eBbrQFBl0PRdRtfyeqQejzO/uS/pQ7c33/enNLp5w/qdt9iGo1FeJRfx9B7iYTaWT/iC+m3IGQg5Dg9we9a9OqpVbnnhdgdHbG5en9Dn9zPJdTc7ZydlA7V5jW6yeqs3S/4/A1IxwNmj2y2VqqNszbt8axbJbpGnXDZEj1W/2McZGcYounods9qK2TBenKjJOc+2W3+XSi6mnyp7QNWJJstR/mEZShLY8UDMQvqQUtI2nOXYgd6HLHwFi2+wtEEVQoHs42zQ32WKd7ySLysu46UWvKZDF65gkB2ckeK0oW7YgJJlRJDBdrvuQMmq2eqO4GniQyTAyKXO+RWc3t5GBMuk9K5kjHRWNbsJZimZzWHg6bcXIlXlGAB1HbFemhDaY0IYETVtaa7naL+ZaLsqk/ceKx9R4hX5zg4qUPn/ACPV6aMfWuGa6RaxNe5BJUDI5hjFI+IV16StqGcy6yukP6Vb5ZfwG9ZZoI0YDqMA1iaet2S2oeseBXu7nnblRiV7t5rYl5cFsq6+/sQsnl8E2lzwwl1kEhlYqEIPsjzml7YuawDg5RmsdfIyQqHjBA/asxrDwaqLNsJFlVY9yxAAPc1xJPKzpMyufaU4IHSowcVp5ARvTFSIbB8sijbPtHpmmLI8A5MXbqQ/mnPg4puSTjtQi5PdkY9OuHuJUhUbHqayrIpdjkHkFcSWxt77m7SDNPaSe6vH0LaiO2eQjxBqXp2gtYz/ABJffI/p/wDten8V1Hkw2rt/sZ9VeZZF20hEj8ze6v3rP8H0H+pt3y9sf+w85YDOmv8A5kAbsdgB5pj/AOqg2q5fWf4D6OeG8jLxHoV6uhPdSKpQDLKG3X415bRQ/qYfymMW2KUWjnbbdadbEz0f81P3FCbLLsebBgUUZ7VmyXLNOPRPdujuvKojI7jqahMk3kt441K85fvkVPyQyuiW8yEoWYjyCKcreHyRgoFVDsFU9Km6XwDeBbvVKXcgP9VPReUmIS9zGjhsKbeBvI3+uKzNR7mPUe1EPGabQsOxINE0T9TB6lcJlDWrvT9auhPZ2wsJmGGi58ox8g9q2VCvVSadnq+M/KMfTV3aeGycty+CpDyJEApBx1x5r1fh6pq0yjW847/MJJtshhvXtr6G4jGfSbmAPevJeJ6t6m7C9qD1rasnaf8AHLFLRIzi49WPLJjbBHesGWYPPyNRrczlHE9iYL5nWNY7difTfrnvg/EdKbqsViz8i8qXT1ygEhwwPiiRxnkkJadf3olWOEhiTsGOPvSs4xbCRtki/JrTZMd1A0cidRkVTyfoN5/2ieDWIcACQ5HmodZdXR+yzJqytFgEY81MYss7ED/z6ISzMBnt5q0k5A3YgJcymad5PJrRisJIUby8jJwvMPTRD+nI+9I6lerI5p5cFji9f8mD4IP3qmk4sO1HsFWzjDyFj0XevR+B6SN9znNcRM+b4JpXSJcYGCegrc199GjqworD+FwCinJlRlX3kYkeD2ryttVMP6lUsp/qg2X8jTw5KRZRuzHCkrk9hnasq/mQ/R7QnqbQz2zJJylCQr57AmgRzGWUFkk1hiNcW72909vJ7yNinoyzHJnyW14YT07SxcIwR1duUEKrD2hkjbPXGOlKTvUXyiCC7sZkkKSK45dxnx/xV4XRfTOKUkShiCcEdjRlycZVgsg/icoHgmr9HEW/k1QgyxB6DFNp8HBrhQySaittGMtJ7o+IoGpjmGQ1M9r5GHjywurOxjM0eEYgcwORmltNHE+S91ilHCFG1Xkt843bevoHgtPlaNSfcuTPsfJUuX5pMeK854xf5up2rpBK1iJoGKMCvUVnt7eizWUFNO1GNEeOYYyQcjofNAt9fKQah7MpsJi8tngKEhlcGN8eOxpdwaYzvjjABvp5pJlS4ZWeIcokA3YdiT3o8UscCk5NvDL0LC3iHqbNycx3DFt9uZSMDyKUa3Pj/wB+X2UILm8myDHKwHYB80aNSRJUDc+3fxTC4Rxq6Mvss2P3qDjXB8g1BBimK+jg3wV/1Tp3bMhH/iarb7Gcuzof4qqsuhMyt7jIflnH/NKUe8tLJ//Z
"
Trevor Murdoch Recalls Interesting Conversation With Vince McMahon In Catering,Wrestling Inc.,16 hours ago,Your browser does not currently recognize any of the video formats available. Click here to visit our frequently asked questions about HTML5 ...,https://www.wrestlinginc.com/news/2020/02/trevor-murdoch-recalls-interesting-conversation-with-vince-666826/,"data:image/jpeg;base64,/9j/4AAQSkZJRgABAQAAAQABAAD/2wCEAAkGBwgHBgkIBwgKCgkLDRYPDQwMDRsUFRAWIB0iIiAdHx8kKDQsJCYxJx8fLT0tMTU3Ojo6Iys/RD84QzQ5OjcBCgoKDQwNGg8PGjclHyU3Nzc3Nzc3Nzc3Nzc3Nzc3Nzc3Nzc3Nzc3Nzc3Nzc3Nzc3Nzc3Nzc3Nzc3Nzc3Nzc3N//AABEIAHAAcAMBIgACEQEDEQH/xAAbAAABBQEBAAAAAAAAAAAAAAAGAQMEBQcAAv/EADoQAAECBQIDBAcGBgMAAAAAAAECAwAEBREhEjEGIkETUWFxBxSBkaGx8CMyQsHR4RUzQ4KS8SRScv/EABkBAAIDAQAAAAAAAAAAAAAAAAIDAAEEBf/EACIRAAICAQMEAwAAAAAAAAAAAAABAhEDEiExBDJBYSIzcf/aAAwDAQACEQMRAD8AxUbRwwISx3jhDCHpPWEsCBeOFwb23jgdohDvLBh+Ulnpp5LEu2XHV7JHWGk75gjof/DpqZhDQU9MKIvfZI7osGToLeGfR3RnZJuZrdQmHFr/AKcsNKUeBOSfhF29wPwiE9gzJuKWcdsucWk/E2il4QrDt1yeu5PMAVgW9pzBxJvCXSVvWVbJJwlP6+2M85SjIbGnEyXjfgl/httucZc9YkHTbXdJU0egURvfocbQHjJ5SD7Y2PivjeYWyqVoYb7JJ+1d0A6vAA/OAyszEvVaQ69MtoEyykKQ6EhJvccptvcQyMnW6I4eQP2Gbe6EBsMQp/8AWYQ3MGLPRxCE/VoSxMKfDYxZBLWhI4kwp3iixOsL5wto4jPsickO67wRcKywn3Qw4XHUNpKktpc0/E7QOg5F4tuHqi7T59p9s37O909FAjN4p8bB49OtauAmYozUw+yVMgybhJSkm5uPHrDdSo85JTCWmnSZVROgqV8InzleYnVsPsMLYF7LGq4uIIpWcl5lrs3LKQRgmEKTs3vHCtgIplPeXV0SKpkKUrF05gUmy6l5xl3UNCyNBVhJBjXKfSzI1X1hJbUlZtcMlRP91+X3GMs4gQlFcn0pNwH1Z78w2DszZ46YorzmEyIXFo4WsYYZhNsx3fHXxC4teIQ83ELvmEtCxRBR4bRxi0pHD9Vq7iEyMi84hWzpGlv/ACOIMpP0VTKlJM/VWWh1Sy2Vk+RNhEbRDOhyi5sPONAo/BFqAzUJtK0zZVrcQT91rYC1/IwaUThGj0ZOuVYDr4/rv8xP5D2CKXjCtTcu63IyjjiHVOXcCPvFG9sdIFu1sFFUysm6e0/LoSlsI7P7oiO246woIbVYDrF4WXHJZt5pCi2sXEUz6VNP/aJKT0hP6dCiXM1upU6lvTjet0tAXCdhfAJ8IzRxa3HFOLVrUs3Ku8xq0u+/TnqYppCg4orUfEWizr/DPClTlE1KbQ9TnnDZa5RJ1FXi2AQT5AQyFIy507MUN9jCdI1Bz0TJm5ZUxQ60p4A27Gdk1MLv53z16QA1qh1KhzHYVWVUw4oEpuQQoDqCN+kMszlbte8J5C0eup6mPJ8IhBIfk5V6cmWpaVaLrzhshI6mGemY0HgSkCQl26lNNqK5oEN3GAj9/kIFypBwjqdBLQ2pijUZiTdeL5aSSgpGwO4F+gzvE5M125BsSgC4OwiK7NaH21YybbQ82ybkgJGrlvgfXxhadqxmSCjKidKTXb5GoeJhupSrTyFTRSlK2k6SvF7QsmlJ1aXEkDvivqZeceSwlVpcnW4NtdthtteLFlpTSsSLLakJ1W2SLdesWQp4SkF2XSo9yhtHmRZShpCr3BAtD83PaWjn2QjezqRqiirc76pMS7iJdC1NhQ03tv8A6h7hZb6mxUJ5y7kymykBXK3nb5RGmmkzUwntNipN7+cTqWTLmYZWCC0cgX8YbDgx9QvlZOmHly76gDjTfzTgEbd0B3pLkJitUZD7SA5MSRK1aTlSdj+RgvnFI0MvElSCQCrSTgi3f1EVbSlN1KYZJCkCwufxAiDutxEY6pUYKbHqL2xCHJFoJeOaAaLVlFpFpR7mZI2T3pgZPnaDTTVgSi4umFvAvCaq2963OJKae0c4/mn/AKjw7zGnzTaQiwFkJFkpAsBDi1y9PaRKyqQ220kJShIwBFTUKkltskkxmdydnShFY40Qai6EqaBVps6CIZPEy25kyjdOmXiDpUpJA9194HXp9yfrkugfcSSQm9rm0EamlNqCBYuKGLbCGxVIyZZapDpqThmShhK0LCQTqQDpv0B2JibKB1TGp55Tikm2ohIwfK0Q1oDSEpwFDJ8+6JMg8VNuoyQbddvjF0LCiSmULk2dRFwNMRJt0LeKQeUbRTmbLKQj24h6XeK8n3wlrc6GN/FD02AUfe03G/dEhLyvWUKeCAS2QogDI6RV1OZ0NCwv4w4lxDiA6LhQTYeItveCgI6hcEqYlBJsTLkqtTqVJv2K3OQ59yTFY/POB2XW+NDiUBJOu5t4xbSjpdCk3JUkZz0Ptgf4n+xlJJwKsCpSDjF9xB+KM0HUkwpXJU7iOkrkp9IOocp6pMYpxXw9NcO1FcrMgqbv9k7awWP1jQaXVFoKefMX81/DuJJQ0+qNg45V9QekDFuD9GucFlXsoapNqDy1fhHd1gLr9eUpwtS5uoYKj+GJXGVaKVeoy6rKH8wjceEBtzeGRiIy5bdItaA+r+NNOLWb5uruxB2J10KR2CC46vBsRe314xn9DVaptWA67+UaFSkJCXH7845R9ZtFsSj0S4lRStK1lXW98+YibIDsV6dSRcbHFvjDLKAtd1Ebef6w82rVNJTr0lV7EHa3tgQia3LpfXkDHWJaWUpGke+IrBV2ziSegianAzCpG/F2Ih1CXJYNheIUsypKSq5ONouX1AslHUiKeVmnkudktF2s3MFAX1HCLKnK1Oq3ClDlza1vruio9IMo47wq4+jCpZ1LwsPw3sfnFhKudi+2Rix+u6JtSkxM0ydkxntW1oGNOSMd0H5MbMu4eq3aHsn1WX0Ve14NJEEaXr5GYyNJW2u55VpOfODHh3iHUgMvnmHW8W0OxZKe4HPPKfeW6skrWbkx4JxHeUde0EZiRTNSZ5g2zrsfdGpS6CJdtGkm/MbxmNGWlNTllLTqSF5T3xp6HbZKba86b7Du3ipBIkHlbIAIvkYvDCdfrDRBIOrGf9QqyHVcoBA64jypSkaVAW0kEm37QIRY6lIcVpySATDgfV1hFlSHiVkG6cAbfOPLllIJAhb5N+L60eu1OfCILTqbWKwFajYXyYmsJAZuTDFPEu526HFhKwqwJHfFxF5+09qBQTp3vjFvyEXanB6q3NJt01fL6zFK4nFhf2J/aLSRWF0hwKN9G2c7+cHRjMV4llhKcQVBlOyXiR5HP5xWJUpJKhg9ILfSVKhusMzV7pmWQf7k4P5QIeUMBP/Z
"
Samoa Joe Suffers Injury During Commercial Shoot,Pro Wrestling Sheet,3 days ago,Pro Wrestling Sheet has learned Samoa Joe is not cleared to wrestle after suffering an injury while filming a commercial.,https://www.prowrestlingsheet.com/samoa-joe-suffers-injury-commercial/,"data:image/jpeg;base64,/9j/4AAQSkZJRgABAQAAAQABAAD/2wCEAAkGBwgHBgkIBwgKCgkLDRYPDQwMDRsUFRAWIB0iIiAdHx8kKDQsJCYxJx8fLT0tMTU3Ojo6Iys/RD84QzQ5OjcBCgoKDQwNGg8PGjclHyU3Nzc3Nzc3Nzc3Nzc3Nzc3Nzc3Nzc3Nzc3Nzc3Nzc3Nzc3Nzc3Nzc3Nzc3Nzc3Nzc3N//AABEIAHAAcAMBIgACEQEDEQH/xAAcAAACAgMBAQAAAAAAAAAAAAAGBwQFAgMIAQD/xABEEAABAgQEAgYGBgYLAQAAAAABAgMABAURBhIhMUFRBxMiYXGRFDKBobHBFSNCUoLRM0ODkrLhJCU3U2Jyc6PC8PEW/8QAGQEAAwEBAQAAAAAAAAAAAAAAAwQFAgEA/8QAKREAAgICAQMCBQUAAAAAAAAAAQIAAwQRIRITMUFRBRQiMjMjQmFxof/aAAwDAQACEQMRAD8AuKhhOpzTdm56XJHNP84pXMA1/dM1JKHeCIgyVLxNNsrVLLmEhJtcukX8NY3ytIx9dJamFtpZVcdc563jvpBbSX5Mp2s456hMXMBYl4CTV+Mj5REmcF4pl2VOGWlVZRfR3f3RIqmJ8cUogOOyDmtsqFJWryuDGlGPsWu051TtLU42tJAdQ0pITzuNYX6RAd1/eCQxE+2lbLss2SDY3OxiTSk1Wthw0ymqfS2bLyrSkA+0iBlZK1KUrdRJPtiVTKzUKQVmnza2M/rZTvGiARzO955bVc1CivoaqUguXcWCUhS0m9t9iY0MVnrDZTR7zeK2p1Seqz6X6hNLfWkWSVH1R3RZ4RkUzlVYQq1s2Y34wJwqjc6tjsQIT4cw9PVdImpiYclJTNZIRotznbkO838IMm8MSollNImpzMf1i3M/jodNe60SpmYYkGgFH1RsEKV7kiNcpV3HpZ5/0VWVkXypJ7XheERfZ1bBjvbGoB4plXaHMJbnEJ1TmStA0WOJA8d+UDwrEqfvCGzUVSOLKS9KrbQ3NS4KmwF3U2rjfbQgW5awiJlKETLqWhZAWQkd14cQh/MUsd0hG3UZRwhJWBfnBrgl6hIn2/pB9hSFaHrDpCiAOsbW2FLHC0NUkJ6QDWsw0Y9VYkTLSWGp17DzTUhW3g2HnKm8/wBRc6ZgUjUi5HgeUWtVWsP4oVTqfSEy1Fl0lDj0l1qlvZA4pF82wTbW32x903hTdHlp/opawtVajTJSpS7SUtEzaVJC0G4OnAi420uYnyvo7eBZqkO1tiYqk8lwzU22wt9KluK7RCUDWyTYeAjMWkLo7xFVq9M0txVYZQl1px5+nNUZTLeVPZsHybKIKkns32sYuk2NGmjluS9Ma/tlxTYYlJyjStOkEYjqc1IyRFpRmiGW6wBV7KWvXfkRFytL6MPv9Y2phxS315V2ukKcUoXsSNiI9NJ5nNTpKnFq5qJ274YXRZJysxJzqpiienkLAC+zoLba/wDdYXhVmAPOHJ0Hq/qed73z8BHDDNAzpUk5GUq0oJGR9EztKLiLAAm4tt7YvcDykh/81JzTaE+k9cQtzL2kkKJIJ5W4Rl0tUyoVfE8jL0ySemnUsKJS2na5G52G0W9LwhOYew1MPPvlUyrK47LoAKWyCRoeJta/DSF8hSU4hsdgr8whShtabrF+cVyJuaZfWA2wpOa6EZiDvpewNtLRWymKJdXZeNlDePVV+mPOWC1jIbg5rXPsicN+0oiElMZS5JOKclUMPJCsqAQoJvxB5HSOeKmwJWpTUulWYNOqSFEWvrD7ViOniWcLKsvZ2PO3C0IerrDtVm3Em6VOqIPPWHsbyRJ+QD5MioTcwT0SkqmGMwSCYG2U5lWhr9G1NRMtuLIJsBpF/ASs9TP4EUKsVPT5jYalWmwAhptP+VAHwjaOsI1NgNhGBSnRVzflGKhm1uUnlEyemDrSy6l0KHZ3vFXiXNM0aZQ3fVBBtFve6DqfKK+vtLXSH0NLIWpFk24kx4nU6PM5iSCsJSgEqVYBI1JJ4Q6+iKVmJGmLk56XdYefdKkJWmxtbfu24xqwphWVw/KpWtKXp8pAcfI27k8h8YNMMNZ555465E2Ht/8AISOT1WBVEbekKhYy+RKttggIFybmIVQbDb7ad0OIUgp521+F4tOJtGh9kuuNqABy3IhrzEQdRP1rDKZ55x6Uc6qZaUW3WyNFkbHuNvjA27h2piZCAwSSNwobw26rTksYgfdGbLNtoWQNswGX4AeUaVybRNyskjYRKcsjESsrqVBMHMJYXalZto1pQdWsKUGAezltYk+cC2PujZ+iJeqdECpilp7S273clk2G/FSe/ccecMvDkkt+s1GYmySAlttpHcM1/eYL2UJS8pOW2ZAyju1FofxiSm4jkH6tTkqVF1pIh09Fa8knMFVtdvfA/wBKGCGaBUU1WmtqRTZlRzoSOzLucu5KtbcjpyjThOrop8s4A7qQYs4rr22U+s4qlq26Y6OsGXMEE24CNDc42+SEpWkg2IIIiSg6BSEix98aHpRDjmdaik90T4KbVOZU6js8SYq56YTMvlDd+pRxv6xjysSzPUICi4VFXZAURfneIzKSLDhCeTb+wRmlOOozUsgmxghw+2lMmVj7azf2aQNTrqW0m3CCPCys1ClVndYKvNRgGOB3ITJB7W5bHeM9xGMeA2uYoCTpRYoFpmTXzSsH3QOLeVdVlaQQ4ucSkyvclZ+ECrbmZAUNYl5X5CZTxvxiXWGnb1KYQo+u0k+Vx84Kk9paFdxEBdBVkrrQBNlsqHt3+UGrW8OYh3XFsoaeeT8qidlXGHEpUFjQEXF4QnSDQRhydS9JJtITd+rH92sDVPzH8o6CAtYQv+kuSTO0GqShAzoR17XcpPaHzHthkv0EGYpYjYEucO1+n1+TD1PfSpINiLEEEcLGLZTaV2KiBbUXjmvB2JH8NVMTCEqcZWLONg+sOcOyn4qka/SyunOkrJstGxSON49YwRSxnghZgBJM5MekzKlpv1YGVHhGlxwtJvxjSlRvYGNU24TZN9ojM+9tKiVchRIVQdUZdYRqtRCUg8ybQcYbZ9Hocm1e+VJFx4mAppsuzIJ0ShJI8Tp8L+cHFAOaly34r/vGDYfLmD+IDSACWXCMBGxW0eAaaiKUkwRxm5acZRcatfMxSMs2QSd8x4RNxUvr8RONX7LYSgeVz8Y1gC1jEm49TsZZpXVSz6kaYgkiNrL/AITB4jRQ8IXlKWpGK5ZsAFKs1rnb6swwx9k+ww3h/YYlmjTD+pugVxSwJh9xq9usZyHwIIgpSbi8UU6x6ZXQg/oWkpCzzO9vfB7wSo1AUkBtmcsDXSHD0dUxmSw41NJT9fODrHFd1zlHl8TCdBsLw96A2JfDtNbB9WWQPcIFmt+mBG8X7pNvZRIitm1TDdAqFSScpYQrIoj7evwiYV6wK1fHci9hyoUbqlodSXG2yNQslR1hTFqFjc+kbvsNaces+6Nqz6ZIOycysqfl9cyjcqSok3+I8ocOH1J+iGNh638RjnzoxDn04+Un6sSxzj8SbQ25aozTDaGUdUWkk2C0a+Yg7stN59oBka+ke8OOyo+sPOPlKyAkmyALk8oB1VSphVkyUqU/e61Q/wCMRp+sVd+UdlxLsttuJyqKFkm3de0a+cr9IAYNhMgrmPTaq6+P1jilDw4e6JS7gcIrZBC0OZlpUMo2Iic4sEaAgxOJ2ZW6enQmFMczYskknmR/tqhjj9GDy1hXSTyG8Qyrw+y8kH2i3zhpNapy84oYZ+kiTPiC6YH+JmgWSPCKpty8+tR4qI+UWjaSEgHhA9LuX7R3veGnOtRJF3uctjUWEdG4MprVRw1TZp11QQ5LoypT3C2p9hjnFJjonoi/s/phvxe9n1y49agccwquyg6MwxlKNUSizVQl3T9S2SEr4qOgsfEiEAQAkAcIffS+gnBE4QnMA40T3fWJ1hBm6iEpBJOgA3JjtSKmyJo2M4AMtMP1Capk0uYk3MiwBcEXChyIg1lMfWSEzsjr99pzf2EaeceSuC5JckxLhxbc2EnO6jXOrjcchbSBybw1UmVFLXVzACrEpUEkd9j+cL2Cq08xwV31D6YbsY8pOznpDY/xN3+EZHGtCN/6U4P2C/yhdqodXGhknD4LQfnHn0JVOMm9+5f5wP5Wr3nO/cvlf8h+7jKhZdJld/8AQX+UYJxnRFWu84Lb/Ur/ACgBVSKgbJ9Cfv3NGIollpUUm6VA2II2MaGHX7zLZlg8iMCcxLRX3esbmHknSw6hW4i0luk6W64JnJZ9Yvq+0APNJN/fC1Ykc/rvJ/CkX+MXUlTmEgAOLNtTZQGnsjaYqodgzFmSbRphGlS+kBqozc3L08KIlkIUeu0Ks172HdYecS6W8t1PaNzCmwk96DjuYlVKumdaUEHNmOgzJufBJENajJte+0cs2LAPSZUKayQOZ//Z
"
Nyla Rose On Pro Wrestling Community Embracing Her Transgender Status,Ringside News,21 hours ago,Nyla Rose is a transgender woman. As AEW Women's World Champion she has the ability to use that position to represent the LGBTQ ...,https://www.ringsidenews.com/2020/02/22/nyla-rose-on-pro-wrestling-community-embracing-her-transgender-status/,"data:image/jpeg;base64,/9j/4AAQSkZJRgABAQAAAQABAAD/2wCEAAkGBwgHBgkIBwgKCgkLDRYPDQwMDRsUFRAWIB0iIiAdHx8kKDQsJCYxJx8fLT0tMTU3Ojo6Iys/RD84QzQ5OjcBCgoKDQwNGg8PGjclHyU3Nzc3Nzc3Nzc3Nzc3Nzc3Nzc3Nzc3Nzc3Nzc3Nzc3Nzc3Nzc3Nzc3Nzc3Nzc3Nzc3N//AABEIAHAAcAMBIgACEQEDEQH/xAAbAAADAQEBAQEAAAAAAAAAAAAEBQYDAgEAB//EADoQAAEDAgQDBgMHAQkAAAAAAAECAxEABAUSITETQVEGFCJhcYFCkaEjMlKxwdHh8RUkNENEU2KCkv/EABkBAAIDAQAAAAAAAAAAAAAAAAMEAQIFAP/EACMRAAMAAgICAwADAQAAAAAAAAABAgMREiEEMRMiQWFxgUL/2gAMAwEAAhEDEQA/AIBAhWlcXdz3dBVtHWvkvpSCVDakeLXan15NgDQtbD7Arq4XcOqWtRPSsa+51o23mk8hRfQH2ZgVQYJhhcIfdSMo+6CNDQ2FYfx3EqWPCKrLIsFIbacbMaQFClM+XrjI74+HvlRowgaDKPlRqGwI0+VdIttZFENtEJE1naNNHiGhr57+daG3CkAc60SiNhXZkV2iBNiVmm4aUy6mUkV+d4lZKsblTSvu/Ceor9auUJUmTyFQ3bRj7Jt6Nlx8x/FM+Lbm+L9MV8vGqx8v1E9ZLKV5OR1o50+Glluoh5Hr9KPWZFaFezMXoKxF4NIEbmkJWVKJO5oi8uFPrJ5A6ChqmUdb/DpCSo6CjmWsykNpkkH5msbcBDeeNSYAqnwPDOCO8XAzOHUDpQsuRSg+DE6Z0zYpbZCbpfDaTEoz5cx6n9q7etMCcQlDKuEvk4hUa+9G3th/aAHeD4BzSNQKn77DHlXTTdq0yjJCc+YozRzPr6UDHc1+6Gcs1P8AzsNN3imBqSri98tPxK1j35VXYPfN4jZouEtlCV8j1qYbadtMUXh77oebS2FFwCAdBPyM/SqHB2otWw0kJTyFUza/0Jh37/BoEiVRXqx4dNaAxC6cs7dxaUKcWPupSJJpFZ9r3W1AYrYuNJ24iUnT1BoU43XaC1kmfZRXCoMdeVR3bNcWjaCd1/oarDeW19bl60fQ4nqk1B9q7jO4Gp+6qY9qnDL+VFM9r4WxAhUEGmCtqXR4U66ncUYhUoT6VpsyEAk100guOJQOZiuKJYBS064NwAB71JCW2NsBte+XfEyy0z9Tyqxt2wlIkUo7Pti1w1oDdwZz6n+Ip20sARNZPkXytm14+PjCCGkZhXxs2yqVJBV6bVyblplorcWlKRqSTQ7eLIuCRZILoG6yIT/NClN9hWe4glSsqRrrEDkOdGWLhAmQoztQSxcPOFLjCkKSSFAiiW0FtsePppEEVZ7/AE5JaBu0d33VPeV5uENgkEkn9KT4Z2ltn7jI+3kbJ1Us+EA9eVVd5ZpvLRTZXlXEpPnUwns8w3cKNyzw35ICwnM2famMdY9fYWyrJv6hmI2ttbvt3mGgNLDiQ6hOiVgkA6e/Ko3tQMuLvJ1iAfpVXgmH3DKV21wQpptQyKnoZAipPtSvNjlyPwkD6CjYWnk/oB5G1i7FY2Bo5ps5QDuBS8U0ZMoSR0ptiKFgE6UdwiLcNDrJ9dqzsbZTjb9ydG2AnXqtRhI/M/8AU0daJCi6rUJQNPaqW9IJhnbKdCeG20kckgV2VqSI51nnCsnpWGJXndVDMCEZc2aN/IVj8XVGzy4o2urJV9w0vLhpJko61uplSGC1blTJAjMBOnlSZjHuJPAtluEfeVRIx1UwWch2hVH+PJK0VlzfaYTZvXGHuQ7eF5vfxaKH7inDWMW+VLDhSgvGUKX+nlSy1u7a+RDqQHBy60ydtre6Q22tOZtBBAOkGqt7f2LcHPSGDd0A4WFKGaND1rcgLHiFT92VNYkyE6JKIp224Mkk61Rk6BbtwMKWToANT5V+UX1wbq8efP8AmLKqvO2N4WcNcCTCnDkHvv8ASa/PTvTvhR06M7zr7UHwpo2oJYSB0pagHfzpglBMDanGIoyt31pYTb5iGivjKT1UAQPpPzo6zksuA7rST9f6UpbVLkjpApo2vI+EjZKQKFlW0MYGOmHOI22sc0it7lDd0Wml+LL4teVA2KhkKOh09KYIZXOZOpOprNr60acvciM2jtndcW2Km1JWDHwKgzB8qrmkuPNtcSwRfWpC/tGCkqSTvofU0nuVuISoQQTuCKysMSNtmBK25GWUHQ9dKPzdItOHG/XTCrnCsPZOdjEu6ulUcK5RlyzMT0FL2sUucPxFLNwQpMj7p0UDzFPlY4680hffEqdnVty3BjlPSkysJS+t27fQJcVMJTlk+QGwruUa+x1Rmn00OMQdm4aI1gmD8qJauSpsT0odLbYaQB059KFxW+aw+2LmmciEJ6mlEnb1Jd0oXJiDtfe8a7Rbp2aEq9T/ABU/zrfid4eUXozLMlXn/WsVpKVlKhBBgg8q2cccJUmFlvnbo6R8IA1zUzZGgNAtpHEaTsZBmqa1wV161Qtt1M/hIjnUtkJbJa2EvJnQTWqnld4WtOuYkftWLBhc1yFGT51LRyrSH1s9wghXIjWqCxuEKiYqMZPgzMjMr4gTRNriRZhKiR+lJZcG+0PYs6nplwWkOKhUH0rNzCLdwE5YNIrPGw2rxq05TTm3xhp2BI+dKuKkcm5pdHbGHBlUglXqZrq6JTAGgHlXzuJstpnMn51O4tjhQmGBKlEwojaumLyPSIvLMLbYffYkzYtlTplR2SNzUjiF89fPl15XklI2Ar69u3boM8YgltvLIGp8ROvzoStHDgnEv5MvP5FZevw9Fb3iVG5JIgrSlf8A6AP61gKNvX+83zakgAJbaaAA/AhKZ94n3o4A4TPeUlI+LSrbC3M1ohwaZjqPPn9ai2zF2kjdMEewqzwnxWjmX/ckehANDoNBBsiVex/Kum2S4fCayBinFmhN1ahSNHm9FcpHKrsEls4t8PBIhapiSnYit3cMTAIQo+9EWsKA4m8DxRvRzSSkbzPKaBav3LGYc61SEHcwFR4xHKJoy1w+SSHHNuSQIpsGioyQflNbtsqyxIAPkIob+R9BF8S7FbrbbaF8GStAAK1qnU9KQ35BLUGfBqep509xC3L12tpxzKyE54GhJGkelT942G1gJHhOoPUUfFPEXzXyMdxXNegxXWZJ+HX1ooA8SOfKu2f8Q3P4hWZM1owftkHoRUMlezf/AFZAO0/lVh2elVgkk7kCPQRUkB/fnSBsTVhgSSmyaP8Ayg/Peh16Dz7P/9k=
"
"Sasha Banks Involved in Second Season of ""The Mandalorian""",Pro Wrestling Sheet,6 days ago,"WWE star Sasha Banks is going to a galaxy far, far away ... as she's apparently filmed scenes for the upcoming season of ""The Mandalorian.""",https://www.prowrestlingsheet.com/sasha-banks-the-mandalorian/,"data:image/jpeg;base64,/9j/4AAQSkZJRgABAQAAAQABAAD/2wCEAAkGBwgHBgkIBwgKCgkLDRYPDQwMDRsUFRAWIB0iIiAdHx8kKDQsJCYxJx8fLT0tMTU3Ojo6Iys/RD84QzQ5OjcBCgoKDQwNGg8PGjclHyU3Nzc3Nzc3Nzc3Nzc3Nzc3Nzc3Nzc3Nzc3Nzc3Nzc3Nzc3Nzc3Nzc3Nzc3Nzc3Nzc3N//AABEIAHAAcAMBIgACEQEDEQH/xAAcAAACAwEBAQEAAAAAAAAAAAAEBgMFBwIBCAD/xAA5EAACAQMDAQYEBAQFBQAAAAABAgMABBEFEiExBhNBUWFxIjKBoRRCkbEjwdHwBxVSYuEzQ4Ki8f/EABkBAAIDAQAAAAAAAAAAAAAAAAMEAQIFAP/EACMRAAICAgICAgMBAAAAAAAAAAABAhEDIQQSBTETQSJRcWH/2gAMAwEAAhEDEQA/AFyS38RUDIOko/r9K1u1tew/fmDu7SO4VQzRXTOrrnkZDmjRqvZLTlDRz6dGfDulBP2FDssYred/ZW3f4Zo2O1C6nknwzVTY6Xfaxc3KQRPM4ibeeByVOBTf/i12jt9a1C1SwkZ7e1U8kEAux5P6Ac1P2Du7S2tYoCCbiVizOrqxJyeq5yOPSjZl8WBSXtkYEsuVxfpGdpp01o5S5IideCjjB+oo/T7uO3u0WTbJGWw6YB48xnxp1/xLs7SS3DEiO6T5SSFDdOBzyazK2ysyMeobPvTfElHPipoFyMbxz9mhWvbDTLDMdpZy3D+c8zBePEL/APKntYtU7Z313cRx2sCx7O+diEWMHPJPj0PmeaSXSGKc7QcyNuZj/p8P79Kfezamz7LXGqu7G33GRLfj+LLu2IW/2rweeM1nZY/HJr7sPjfeKZFqNpY2s0mlWUrzPD/EmuDHt3uo/L/pABOfOhLa5ltpu7lk7yE9G/pQWh3ONatWmUskku2Tnlg2Qf3qWZxa3MishkgLkEZ5GDwQfOui2mc0EE4mb3o+2bMdVbjBDo4eJvlceP8AQ0ZaPn4aNYOg0HArmW8nikKxzzRqemyQgfpXKHIarXSoYbu3lhuEDDIPtVMm46L42k9iEs9u0BijiKTbgWfvAMDyxj716I42xlQTgZJyah3GRQC7ceOQP510HWLKzdcfMDwfSkVb0NOkrZXakDllXkZwMcVoPZmLS4tFjvvw8QuVQBpT1z0J+w/SkB2UXMYk6Egn9f8AirrspfyGM2nfNAQ+EkDdRnOPvWv5HFKOGMf1Qn4/Inkbf2aDONP1IXEV3FHOiEMp9x4H6Vit7H+Hupeu1ZGA9ga1PUmmtou8luywxhUD7h71mWqzx3Mkrxg43njxoHi5NSkhjyEVSJbhN1qjgjMWUP8Au54+1Mf+azL2et9LtbdIoURTPJnLTtkkewGeAKXrQF9NlHiVDLn0/wCKs9PFw+j/AIqSJhDkRh/DI4xmi+ShWVS/YpxJfi0RWc5S6imTG+NwwBHGQakguWuWczOzzyMWdm/OaAjJWQP65rrOGyvHOQaWQYtreZrZsfNG3zKehq/0izt7pWlGo20GDju5yQR9cYpZtZlnQo3Dj71Kkz20gw2D4Gotr0Tpjmmi3zZ7hYblfOCZH/nmp9Pgu7KZxcW00QIHzxkUP2WHZXVCtvq1t+Fu/CUTOqSffCn7U/23ZKxhVTa3N+i9RsvHwfvUd39ndUfO8qvCu43DZ8AQDQs95IAjMc4596Iu8mLcT8x2jHh5mgLpVPQHHgBWrxuNCEfka2J5Mzm+t6CLqUCdZWGdqYGPE0z9jtO/FWMxI4di0Z9uKUNrvDtVSzKu9sflUHqfIc0/9i9QQ2cds1xswud9vaPK7+hPCqR060HyClkhoNw+sJbPdUhmW1kSJDu2/MPCs7lTYzAjGxiMfuK2G5soShza6nISP+7dQRj/ANFNZLdlF1W9gdXVHlIG45KkE+OB+1A8fFRb3YfmNySpUdWE+DIjH+FKjDz5IPNW2kIxs3gEjpFLjcqscMR04pfjiVZeRgbsNkZA9aYbAvFFGJV2nB9c8mmuXG0mxTHqTolnsUj6O2K4W2jz1Y0ZdsMCoE60nQWztLWIYcA7h617IeCWGfSu42+E4rq3ga51COJfzHBz0AqJJUWi3dIhuo5Lezin3DEzEID1PmfbjFW3Z7U9Y72C10y7lheZgAqyHAJ9K4/APrmtLaWaKYYsKjHhUQDGftThqi6L2Qi0y0tLmf8AHXswM9wjMO5gTDSNtHB44wc9c84ocVasvJpOjKbmKQRwRsvLHcR70FeWzJBHcBwodjt55IBwePQ/tU99dtJdTTScYO0c4wBx/f1po1u2NhoUFu7Rz5tt7Rm17rZ453Zy2OPi9K18+b44RX7E+Pi7Sf8Agrx28s+jxrAoWWVzHL1BYk7lJ8/AAdB+2mIqWpsI7aPe6QbdoH5RkZNKmmJCt4s98dslvEwCv4OnIbjjlePp60Zam41OUzTKFhc5jDtwyjjpgjOR1PTJ8axeTNydfRq8eCjtF9fai1tbTz/iLdxEhbu45A2fIcefSs1v7HMs8h+IqfjOc7nwdx+pya1fSOz1tPdRyYBMQCnMYZsgqd3zKeOnynzPlSV/iBaDStYvIIWJjmIkUEfKSSSPXr19/Km/Fpd2xbnydUJ5Bt73auSjELk+R/pTIyl9N3NyUw6+fgD++fpS6u64YkDJCdPPmma3VZNIt9smTtK5J68YH3pnmvrFf0Bx12bX+Agm3IA3hXaHFASscDHjU9p/FnjhyNznAXPJ9qUbpWXScpJItbK2luvk4TpvPTNWUvdadbybACwX45AecnoPc+VV11c3mi2aLGygFmYRyIeG8cHHqTjp1IOOAT2Lgk1ztPZLeN3iRkzOuPhwo/qBS9ue/oYaji19jZpWnro+mhrkkSP8c3OMk+GfTpVIt8s2uJMCrG5aKOEOuSkStKXI9zGfpRvb7VF79rSJiFHLkUmaPfveaxpLSkb47eUYH5Rhgv2P3qVdA62Lk4IZg46tkjypvbXLSWyt3SaV5e7EUsHdu3hngbcdSec+JpVvdomkVTuXdgHPUUx9j5cpIh6q2Rx50/zq+Lt7oDxL+Sg7RtYmgimW4a7izHsS4RHH+nGOOPlx65NeW93GJFkSb8XJkyRCQFVBHnxgHGeR601Qr3dsxHAbqPOoJ9Isb6PvJISknBMkLFCffHX61jPNGT2jVWKS2nYxW1xFBpEpgG57lAphlO5XcE4OCxAJyDgHwHrWWdu5bu41dZL+MR3DQqZIwxYK3ORmme6vdYtFdbPWGKGRXxNbRk/D0G5NpIwMYOaRe0epzajqbvdPGZFG3ESkL1J8Sf7Nanj5xcvxM7lwmk2ytU93JE4GT4j3zTXpGgwajGZrOa2t5kKl8WxZw3XqXx69KUd+5XYeGD7U/wDY/FxaLcJtDgFSoPjnn9sj3NG58l0BcONz2UOtaZJbXCRo/eNITuVV27eR4eIJbjHtTBodneydnjZSXgWyucvLCttEd/PBLMpbPTx48MVab7VC5uIV/ESanbxRlxkBURpCcfUj6D0qtfWYrDs/b7BumeMbV96ypZJtJL7Ho44W2/oXNdDG+EBupp0jPwiUglfr1P1q57IavBoN1cTyxyOzwGNNgHByDzn2peiDOxlkOWJyTR+l2Uup6pa2EJxJcSBAeuB4n6DJ+lMxhUaYrKVytFfquqi8nuVeRjLITwBxk+vlXnZ+dYtWLy4KrEwJ+oqXtVYf5Vrd5DAF7kSHZ8QYhfUj3qqsJCbra3V4pF+u3P8AKorWiyZHfKRK20cDp7Grfszc7e8TochgfOhIj3zgyQEITjOeOecVwsi297G68Ddgj0/vFTkk5Q6nY10n2RptvP3thnPQVJDPmAoT4VSaLch42gY+1EW0vxOhOdpI4rL60zTUtE88Hwrk8Vml1mW+uGcEESMBj3OK0pptrfFyKRb61MGqTQuxEcsm4eRBOR+9aPAfRyFOUu6QIkG+IOV6RkY9fOu9H1G40uUy2xB3D4kbo1X1polzf24a3ZCoTAJGC4ycZ5xn+WM0tPFJBMIZEwx6eo8MUacu/wDBWP4+i8Oo3F5L+Lnv9hVsiPuepwQMDwwGYZyTz4YFAQhpZA0rFsDC7udoHQCvIQRD1I58K7UnzNVjBItKbYVgAcdasuz0l9DPcz2LJGsdpM00r4wihc8Z6EttH1qlZvylzmjrb8PYaZfTahdMiX1s9vDAkYZ5/iBYg9EUFQNxGeeOlS2USFh5O8wX3bsfmOak0vH+aWuTxv8ALPgagcY45HoRiuLeUw3sMn+lx1qq9Fi3s7hHcQiIBmYMWz5Jj/mhdRH8VvU0ZbWyRPuBJYCg77ls1Hs5lvpd+VCOeuMGrlLsfiGlBzvOSKUbLcBtw24/EPbFEi/7lVLqx3dMGl5Y7YzDJobXud+Bnr09aA1O0N7NbgqXkEm1vi4AOOP1/vrQOmXjXqkRDCsArkn5PH+zRVveLbXjyROTFb5ypb52J4z/AOTGuhFxlZM5pqi+1nUY9ATT7e2ZiqygTLnJeIjBJ9c4I9uKo7+wci+jvDgQXBax2rlmJ5Iz5NkDrjIzUb2L6hLO2puCGAy4GCzDoefAeXTmjNTvdOuUKXMu4HqqdD+gNM3oUrdC3E+VAPGWJqQdTXF60ZvCYf8Apk5X9BXSt8WKsvRzOA+ZWPgAfDyFX/aBLfS9Kg09ruS7d4+9CKgjSInkHxLHnxIHTjyoIohK7R7GYyOqYHq2PCpe0l4L3V7mZD/CDbIx5KvA/aqN7LRWijkJPio9OlQRANcwq3TvATRIiku7iK0gUGSVwiD1JwPpX7VYI7fWJ7e2JaOGTu0ZhywHGT+9SiKP/9k=
"
Matt Hardy Says 'Goodbye' After Being Written Off WWE TV For Now,Pro Wrestling Sheet,2 weeks ago,"Looks like Matt Hardy's latest WWE run has come to an end, as the wrestler took to social media after tonight's edition of Raw to say goodbye.",https://www.prowrestlingsheet.com/matt-hardy-says-goodbye-after-being-written-off-wwe-tv-for-now/,"https://encrypted-tbn0.gstatic.com/images?q=tbn:ANd9GcRd6JRHRDF06UyoEJKMkBFye5r5qDm4k0oGuWcKwHRw95TjJFg-MhXU-RBpcAV803TByr6Idw&usqp=CAI&s
"
Andrade Suspended for WWE Wellness Policy Violation,Pro Wrestling Sheet,4 weeks ago,Pro Wrestling Sheet has learned Andrade has been suspended by WWE for violating the company's Wellness Policy.,https://www.prowrestlingsheet.com/andrade-suspended-wwe-wellness-violation/,"https://encrypted-tbn0.gstatic.com/images?q=tbn:ANd9GcSIMAB4j6vf9jVn3U8uKl7XuigMz6YuDAhjUa-3Ygdh1UDnk4iBvyHB1MOk7xM6renYzW3mhw&usqp=CAI&s
"
"A Beginnerâ€™s Guide to Pro Wrestling, From Suplexes to T-Shirt Sales",The Manual,3 days ago,"It was almost impossible to avoid pro wrestling in the '80s, '90s, and early '00s. Stars like The Undertaker, Stone Cold, The Rock, Hulk Hogan, ...",https://www.themanual.com/culture/complete-pro-wrestling-guide/,"https://encrypted-tbn0.gstatic.com/images?q=tbn:ANd9GcQemGIgM2j0FDEnsl0_ntSii5UGuOMrV_yBhBJO8L6RhQk3VaHUOLlL0NJWXdXBKyTtMo5RMQ&usqp=CAI&s
"
"Manabu Nakanishi, 53, Retires from Pro-Wrestling",SEScoops,1 day ago,"Manabu Nakanishi, age 53, has officially retired from active competition. Today, New Japan Pro-Wrestling held his retirement event at ...",https://www.sescoops.com/manabu-nakanishi-53-retires-from-pro-wrestling/,"https://encrypted-tbn0.gstatic.com/images?q=tbn:ANd9GcTl2MD-aOFGeErSndy3ma8xHoWZGJfkyWrID57QKyDYnlnTykoO-lWo0f-03HKQuL8LVO5ZvQ&usqp=CAI&s
"
